cdr_id,from_phone,to_phone,timestamp,duration_seconds,case_id
CDR-0001,PH021,PH004,2026-08-01T09:23:00,280,CASE-001
CDR-0002,PH008,PH005,2026-08-24T03:29:00,722,CASE-001
CDR-0003,PH024,PH029,2026-08-18T02:58:00,634,CASE-001
CDR-0004,PH014,PH002,2026-08-01T03:11:00,253,CASE-001
CDR-0005,PH008,PH017,2026-08-20T00:54:00,604,CASE-001
CDR-0006,PH007,PH023,2026-08-21T23:56:00,588,CASE-001
CDR-0007,PH014,PH008,2026-08-15T20:06:00,314,CASE-001
CDR-0008,PH026,PH028,2026-08-01T05:26:00,744,CASE-001
CDR-0009,PH014,PH011,2026-08-09T05:18:00,250,CASE-001
CDR-0010,PH025,PH011,2026-08-04T03:09:00,419,CASE-001
CDR-0011,PH004,PH012,2026-08-28T11:44:00,648,CASE-001
CDR-0012,PH009,PH026,2026-08-02T15:40:00,579,CASE-001
CDR-0013,PH004,PH030,2026-08-13T02:41:00,595,CASE-001
CDR-0014,PH010,PH027,2026-08-21T21:06:00,400,CASE-001
CDR-0015,PH019,PH007,2026-08-23T02:22:00,76,CASE-001
CDR-0016,PH022,PH008,2026-08-25T09:52:00,111,CASE-001
CDR-0017,PH028,PH008,2026-08-28T03:26:00,419,CASE-001
CDR-0018,PH009,PH015,2026-08-21T12:27:00,196,CASE-001
CDR-0020,PH007,PH022,2026-08-09T23:57:00,729,CASE-001
CDR-0021,PH021,PH003,2026-08-20T21:40:00,205,CASE-001
CDR-0022,PH018,PH024,2026-08-08T05:34:00,503,CASE-001
CDR-0023,PH013,PH009,2026-08-30T21:50:00,734,CASE-001
CDR-0024,PH018,PH008,2026-08-22T11:04:00,893,CASE-001
CDR-0026,PH002,PH008,2026-08-27T01:05:00,854,CASE-001
CDR-0027,PH011,PH013,2026-08-09T02:15:00,246,CASE-001
CDR-0028,PH030,PH019,2026-08-29T10:44:00,247,CASE-001
CDR-0029,PH021,PH016,2026-08-13T21:56:00,499,CASE-001
CDR-0030,PH005,PH009,2026-08-05T08:25:00,792,CASE-001
CDR-0032,PH009,PH024,2026-08-19T14:37:00,627,CASE-001
CDR-0033,PH013,PH012,2026-08-08T04:43:00,551,CASE-001
CDR-0034,PH016,PH003,2026-08-25T01:36:00,142,CASE-001
CDR-0035,PH005,PH021,2026-08-06T23:13:00,462,CASE-001
CDR-0036,PH020,PH003,2026-08-13T13:01:00,640,CASE-001
CDR-0037,PH015,PH017,2026-08-09T18:53:00,41,CASE-001
CDR-0038,PH022,PH024,2026-08-04T23:16:00,579,CASE-001
CDR-0039,PH025,PH009,2026-08-25T21:52:00,378,CASE-001
CDR-0040,PH004,PH010,2026-08-14T05:23:00,494,CASE-001
CDR-0041,PH001,PH024,2026-08-29T08:59:00,542,CASE-001
CDR-0042,PH025,PH006,2026-08-17T03:37:00,670,CASE-001
CDR-0043,PH010,PH027,2026-08-21T17:19:00,653,CASE-001
CDR-0044,PH007,PH005,2026-08-12T05:30:00,582,CASE-001
CDR-0045,PH025,PH030,2026-08-17T00:01:00,643,CASE-001
CDR-0046,PH011,PH016,2026-08-01T03:49:00,401,CASE-001
CDR-0047,PH029,PH027,2026-08-26T10:29:00,275,CASE-001
CDR-0048,PH002,PH008,2026-08-29T19:21:00,110,CASE-001
CDR-0049,PH003,PH024,2026-08-16T02:21:00,808,CASE-001
CDR-0050,PH018,PH025,2026-08-05T04:22:00,705,CASE-001
CDR-0051,PH016,PH018,2026-08-06T09:02:00,570,CASE-001
CDR-0052,PH028,PH020,2026-08-14T07:13:00,582,CASE-001
CDR-0053,PH025,PH024,2026-08-23T06:51:00,760,CASE-001
CDR-0054,PH010,PH013,2026-08-22T22:10:00,412,CASE-001
CDR-0055,PH015,PH029,2026-08-17T15:24:00,153,CASE-001
CDR-0057,PH003,PH011,2026-08-01T20:04:00,597,CASE-001
CDR-0058,PH008,PH019,2026-08-08T00:14:00,102,CASE-001
CDR-0059,PH023,PH021,2026-08-02T07:48:00,99,CASE-001
CDR-0060,PH029,PH002,2026-08-28T11:16:00,102,CASE-001
CDR-0061,PH017,PH008,2026-08-09T22:50:00,527,CASE-001
CDR-0062,PH007,PH018,2026-08-05T19:29:00,620,CASE-001
CDR-0063,PH016,PH008,2026-08-26T16:08:00,856,CASE-001
CDR-0064,PH014,PH007,2026-08-04T03:18:00,704,CASE-001
CDR-0065,PH014,PH012,2026-08-14T14:01:00,508,CASE-001
CDR-0066,PH028,PH024,2026-08-02T22:59:00,699,CASE-001
CDR-0067,PH021,PH004,2026-08-02T13:44:00,775,CASE-001
CDR-0068,PH011,PH026,2026-08-28T03:43:00,284,CASE-001
CDR-0070,PH018,PH015,2026-08-05T14:24:00,217,CASE-001
CDR-0071,PH009,PH015,2026-08-08T02:34:00,483,CASE-001
CDR-0072,PH026,PH028,2026-08-28T18:47:00,130,CASE-001
CDR-0073,PH002,PH021,2026-08-18T00:30:00,125,CASE-001
CDR-0074,PH030,PH025,2026-08-28T08:04:00,200,CASE-001
CDR-0075,PH014,PH016,2026-08-16T07:17:00,440,CASE-001
CDR-0076,PH029,PH002,2026-08-06T12:56:00,32,CASE-001
CDR-0077,PH013,PH009,2026-08-30T15:31:00,322,CASE-001
CDR-0078,PH014,PH023,2026-08-24T18:58:00,707,CASE-001
CDR-0079,PH023,PH016,2026-08-05T06:28:00,333,CASE-001
CDR-0080,PH007,PH002,2026-08-19T18:30:00,92,CASE-001
CDR-0081,PH024,PH011,2026-08-02T01:42:00,628,CASE-001
CDR-0082,PH016,PH017,2026-08-30T18:07:00,191,CASE-001
CDR-0083,PH002,PH017,2026-08-03T06:20:00,100,CASE-001
CDR-0084,PH020,PH003,2026-08-22T08:01:00,443,CASE-001
CDR-0085,PH004,PH029,2026-08-19T08:24:00,622,CASE-001
CDR-0086,PH020,PH002,2026-08-20T02:47:00,459,CASE-001
CDR-0087,PH022,PH019,2026-08-19T17:50:00,353,CASE-001
CDR-0088,PH030,PH009,2026-08-07T22:51:00,763,CASE-001
CDR-0089,PH011,PH008,2026-08-09T13:30:00,164,CASE-001
CDR-0090,PH022,PH021,2026-08-10T15:36:00,353,CASE-001
CDR-0091,PH030,PH025,2026-08-30T02:28:00,39,CASE-001
CDR-0092,PH015,PH020,2026-08-19T03:24:00,105,CASE-001
CDR-0093,PH018,PH007,2026-08-17T09:03:00,165,CASE-001
CDR-0094,PH030,PH012,2026-08-29T02:20:00,280,CASE-001
CDR-0095,PH012,PH010,2026-08-06T14:57:00,883,CASE-001
CDR-0096,PH018,PH023,2026-08-10T20:52:00,856,CASE-001
CDR-0097,PH021,PH017,2026-08-01T22:47:00,866,CASE-001
CDR-0098,PH018,PH010,2026-08-30T22:38:00,136,CASE-001
CDR-0099,PH029,PH005,2026-08-09T03:56:00,139,CASE-001
CDR-0100,PH024,PH018,2026-08-05T09:17:00,318,CASE-001
CDR-0101,PH020,PH007,2026-08-23T11:42:00,238,CASE-001
CDR-0102,PH022,PH021,2026-08-28T09:00:00,547,CASE-001
CDR-0103,PH016,PH009,2026-08-29T01:44:00,124,CASE-001
CDR-0104,PH021,PH014,2026-08-27T09:26:00,75,CASE-001
CDR-0105,PH001,PH011,2026-08-25T04:27:00,682,CASE-001
CDR-0106,PH009,PH006,2026-08-24T15:04:00,594,CASE-001
CDR-0107,PH023,PH014,2026-08-18T00:19:00,144,CASE-001
CDR-0108,PH003,PH029,2026-08-23T05:05:00,588,CASE-001
CDR-0109,PH002,PH027,2026-08-12T19:52:00,595,CASE-001
CDR-0110,PH005,PH014,2026-08-05T01:25:00,345,CASE-001
CDR-0111,PH012,PH029,2026-08-30T01:21:00,396,CASE-001
CDR-0112,PH007,PH022,2026-08-08T22:45:00,135,CASE-001
CDR-0113,PH012,PH025,2026-08-18T13:52:00,665,CASE-001
CDR-0114,PH024,PH005,2026-08-30T08:04:00,196,CASE-001
CDR-0116,PH006,PH029,2026-08-14T00:50:00,213,CASE-001
CDR-0117,PH024,PH030,2026-08-11T14:03:00,851,CASE-001
CDR-0118,PH022,PH028,2026-08-24T08:28:00,303,CASE-001
CDR-0119,PH006,PH026,2026-08-23T03:41:00,421,CASE-001
CDR-0120,PH028,PH002,2026-08-28T16:03:00,257,CASE-001
CDR-0121,PH007,PH027,2026-08-30T15:42:00,388,CASE-001
CDR-0122,PH010,PH027,2026-08-26T07:46:00,258,CASE-001
CDR-0123,PH001,PH022,2026-08-07T13:36:00,366,CASE-001
CDR-0124,PH009,PH028,2026-08-03T09:31:00,389,CASE-001
CDR-0125,PH021,PH017,2026-08-13T23:11:00,893,CASE-001
CDR-0126,PH018,PH011,2026-08-01T03:56:00,297,CASE-001
CDR-0127,PH006,PH019,2026-08-09T01:18:00,141,CASE-001
CDR-0128,PH020,PH014,2026-08-12T10:42:00,476,CASE-001
CDR-0129,PH020,PH017,2026-08-04T13:08:00,620,CASE-001
CDR-0130,PH007,PH009,2026-08-02T14:53:00,31,CASE-001
CDR-0131,PH017,PH030,2026-08-26T18:22:00,733,CASE-001
CDR-0133,PH024,PH022,2026-08-07T12:25:00,471,CASE-001
CDR-0134,PH003,PH022,2026-08-30T11:16:00,668,CASE-001
CDR-0135,PH011,PH022,2026-08-28T04:15:00,767,CASE-001
CDR-0136,PH029,PH010,2026-08-17T10:33:00,712,CASE-001
CDR-0137,PH014,PH011,2026-08-13T23:47:00,332,CASE-001
CDR-0138,PH018,PH005,2026-08-07T14:21:00,710,CASE-001
CDR-0139,PH013,PH022,2026-08-24T05:56:00,660,CASE-001
CDR-0140,PH019,PH010,2026-08-13T18:42:00,883,CASE-001
CDR-0141,PH001,PH010,2026-08-10T07:10:00,470,CASE-001
CDR-0142,PH026,PH019,2026-08-20T22:20:00,359,CASE-001
CDR-0144,PH015,PH022,2026-08-07T17:26:00,514,CASE-001
CDR-0145,PH026,PH029,2026-08-26T05:47:00,704,CASE-001
CDR-0146,PH003,PH010,2026-08-17T22:39:00,678,CASE-001
CDR-0147,PH020,PH011,2026-08-03T08:01:00,718,CASE-001
CDR-0148,PH010,PH008,2026-08-26T06:47:00,180,CASE-001
CDR-0149,PH001,PH002,2026-08-08T16:13:00,655,CASE-001
CDR-0150,PH028,PH025,2026-08-03T15:32:00,454,CASE-001
CDR-0151,PH029,PH021,2026-08-19T06:38:00,765,CASE-001
CDR-0152,PH023,PH013,2026-08-16T13:38:00,279,CASE-001
CDR-0153,PH005,PH021,2026-08-23T00:11:00,798,CASE-001
CDR-0154,PH028,PH025,2026-08-29T03:38:00,827,CASE-001
CDR-0155,PH014,PH008,2026-08-06T23:45:00,560,CASE-001
CDR-0156,PH015,PH002,2026-08-18T08:30:00,898,CASE-001
CDR-0157,PH004,PH015,2026-08-05T15:51:00,713,CASE-001
CDR-0158,PH017,PH018,2026-08-20T10:49:00,803,CASE-001
CDR-0159,PH029,PH015,2026-08-20T17:13:00,466,CASE-001
CDR-0160,PH027,PH030,2026-08-18T15:13:00,192,CASE-001
CDR-0161,PH024,PH028,2026-08-16T15:21:00,295,CASE-001
CDR-0162,PH025,PH008,2026-08-27T21:45:00,313,CASE-001
CDR-0164,PH017,PH016,2026-08-21T08:09:00,311,CASE-001
CDR-0165,PH015,PH003,2026-08-23T09:45:00,270,CASE-001
CDR-0166,PH009,PH011,2026-08-11T18:26:00,112,CASE-001
CDR-0168,PH008,PH013,2026-08-23T05:12:00,753,CASE-001
CDR-0169,PH007,PH003,2026-08-14T13:54:00,368,CASE-001
CDR-0170,PH018,PH015,2026-08-14T02:07:00,241,CASE-001
CDR-0171,PH027,PH014,2026-08-13T19:56:00,742,CASE-001
CDR-0172,PH001,PH028,2026-08-29T19:39:00,419,CASE-001
CDR-0173,PH016,PH001,2026-08-12T10:11:00,801,CASE-001
CDR-0174,PH013,PH028,2026-08-29T14:18:00,581,CASE-001
CDR-0176,PH018,PH026,2026-08-20T07:31:00,529,CASE-001
CDR-0177,PH008,PH009,2026-08-14T16:34:00,59,CASE-001
CDR-0178,PH013,PH011,2026-08-22T23:10:00,847,CASE-001
CDR-0179,PH013,PH024,2026-08-06T15:57:00,160,CASE-001
CDR-0180,PH020,PH018,2026-08-01T13:26:00,636,CASE-001
CDR-1001,PH005,PH001,2026-08-19T22:37:00,147,CASE-001
CDR-1002,PH005,PH002,2026-08-03T21:56:00,558,CASE-001
CDR-1003,PH005,PH003,2026-08-05T15:45:00,306,CASE-001
CDR-1004,PH005,PH004,2026-08-02T08:52:00,508,CASE-001
CDR-1005,PH005,PH006,2026-08-11T07:13:00,585,CASE-001
CDR-1006,PH005,PH007,2026-08-11T11:31:00,899,CASE-001
CDR-1007,PH005,PH008,2026-08-29T12:56:00,404,CASE-001
CDR-1008,PH005,PH009,2026-08-25T14:23:00,378,CASE-001
CDR-1009,PH005,PH010,2026-08-27T02:47:00,601,CASE-001
CDR-1010,PH005,PH011,2026-08-01T18:24:00,173,CASE-001
CDR-1011,PH005,PH012,2026-08-12T07:39:00,785,CASE-001
CDR-1012,PH005,PH013,2026-08-03T22:14:00,161,CASE-001
CDR-1013,PH005,PH014,2026-08-25T01:03:00,373,CASE-001
CDR-1014,PH005,PH015,2026-08-07T00:41:00,756,CASE-001
CDR-TEMP-001,PH005,PH020,2026-08-18T20:30:00,300,CASE-001
CDR-TEMP-002,PH009,PH020,2026-08-18T20:34:00,320,CASE-001
CDR-TEMP-003,PH011,PH020,2026-08-18T20:38:00,340,CASE-001
CDR-TEMP-004,PH014,PH020,2026-08-18T20:42:00,360,CASE-001
