transaction_id,from_account,to_account,amount,timestamp,case_id
TXN-0001,ACC005,ACC008,8772,2026-08-16T22:51:00,CASE-001
TXN-0002,ACC004,ACC019,14784,2026-08-15T23:52:00,CASE-001
TXN-0003,ACC009,ACC012,11496,2026-08-20T20:43:00,CASE-001
TXN-0004,ACC004,ACC006,20884,2026-08-04T19:45:00,CASE-001
TXN-0005,ACC001,ACC010,38235,2026-08-22T12:48:00,CASE-001
TXN-0006,ACC013,ACC007,5480,2026-08-19T23:34:00,CASE-001
TXN-0007,ACC008,ACC004,46191,2026-08-25T10:17:00,CASE-001
TXN-0008,ACC020,ACC004,37588,2026-08-26T01:24:00,CASE-001
TXN-0009,ACC012,ACC018,28574,2026-08-22T12:38:00,CASE-001
TXN-0010,ACC003,ACC017,42937,2026-08-11T00:25:00,CASE-001
TXN-0011,ACC014,ACC016,7416,2026-08-14T12:21:00,CASE-001
TXN-0012,ACC015,ACC005,29040,2026-08-06T17:48:00,CASE-001
TXN-0013,ACC009,ACC020,35769,2026-08-25T16:30:00,CASE-001
TXN-0014,ACC015,ACC014,48408,2026-08-19T09:09:00,CASE-001
TXN-0015,ACC011,ACC008,6179,2026-08-09T15:23:00,CASE-001
TXN-0016,ACC008,ACC015,37845,2026-08-20T22:48:00,CASE-001
TXN-0017,ACC013,ACC011,2380,2026-08-16T11:05:00,CASE-001
TXN-0018,ACC006,ACC016,14401,2026-08-12T08:49:00,CASE-001
TXN-0019,ACC011,ACC009,39569,2026-08-23T09:25:00,CASE-001
TXN-0020,ACC018,ACC001,34357,2026-08-07T02:55:00,CASE-001
TXN-0021,ACC008,ACC014,32519,2026-08-18T08:12:00,CASE-001
TXN-0023,ACC015,ACC001,6598,2026-08-10T07:33:00,CASE-001
TXN-0024,ACC013,ACC008,20567,2026-08-22T19:51:00,CASE-001
TXN-0025,ACC012,ACC016,36772,2026-08-17T11:44:00,CASE-001
TXN-0026,ACC014,ACC018,22178,2026-08-12T23:59:00,CASE-001
TXN-0027,ACC015,ACC009,20594,2026-08-09T07:52:00,CASE-001
TXN-0028,ACC004,ACC007,21179,2026-08-04T18:17:00,CASE-001
TXN-0029,ACC006,ACC007,14680,2026-08-24T16:31:00,CASE-001
TXN-0030,ACC009,ACC019,34882,2026-08-20T09:39:00,CASE-001
TXN-0031,ACC004,ACC007,19914,2026-08-08T12:19:00,CASE-001
TXN-0032,ACC006,ACC010,1427,2026-08-23T18:13:00,CASE-001
TXN-0033,ACC005,ACC009,3482,2026-08-02T18:53:00,CASE-001
TXN-0034,ACC010,ACC005,42303,2026-08-28T16:45:00,CASE-001
TXN-0035,ACC004,ACC001,38121,2026-08-10T16:01:00,CASE-001
TXN-0036,ACC016,ACC015,22828,2026-08-06T01:45:00,CASE-001
TXN-0037,ACC009,ACC016,7976,2026-08-27T02:13:00,CASE-001
TXN-0038,ACC013,ACC016,5355,2026-08-19T21:29:00,CASE-001
TXN-0039,ACC002,ACC005,10277,2026-08-26T19:12:00,CASE-001
TXN-0040,ACC010,ACC003,16765,2026-08-04T19:02:00,CASE-001
TXN-0041,ACC014,ACC020,39567,2026-08-26T21:06:00,CASE-001
TXN-0042,ACC008,ACC017,25428,2026-08-15T15:06:00,CASE-001
TXN-0043,ACC010,ACC019,28603,2026-08-10T19:24:00,CASE-001
TXN-0044,ACC020,ACC002,40452,2026-08-24T03:23:00,CASE-001
TXN-0046,ACC009,ACC003,10792,2026-08-08T05:55:00,CASE-001
TXN-0047,ACC018,ACC003,10758,2026-08-01T13:56:00,CASE-001
TXN-0048,ACC015,ACC020,31296,2026-08-10T01:06:00,CASE-001
TXN-0049,ACC008,ACC010,46831,2026-08-10T23:59:00,CASE-001
TXN-0050,ACC015,ACC003,45548,2026-08-08T09:01:00,CASE-001
TXN-0051,ACC019,ACC007,28361,2026-08-04T18:35:00,CASE-001
TXN-0052,ACC008,ACC005,17908,2026-08-27T04:51:00,CASE-001
TXN-0053,ACC003,ACC002,11373,2026-08-26T10:29:00,CASE-001
TXN-0054,ACC020,ACC019,19414,2026-08-15T04:14:00,CASE-001
TXN-0055,ACC015,ACC010,46357,2026-08-13T09:17:00,CASE-001
TXN-0056,ACC017,ACC018,32861,2026-08-15T02:44:00,CASE-001
TXN-0057,ACC020,ACC002,28813,2026-08-24T11:00:00,CASE-001
TXN-0058,ACC020,ACC009,2195,2026-08-03T07:48:00,CASE-001
TXN-0060,ACC001,ACC009,38264,2026-08-02T05:58:00,CASE-001
TXN-0061,ACC016,ACC017,43197,2026-08-15T09:29:00,CASE-001
TXN-0062,ACC006,ACC019,29066,2026-08-21T16:47:00,CASE-001
TXN-0063,ACC003,ACC016,23303,2026-08-14T11:22:00,CASE-001
TXN-0064,ACC011,ACC004,11039,2026-08-11T14:03:00,CASE-001
TXN-0065,ACC016,ACC010,43923,2026-08-13T18:46:00,CASE-001
TXN-0066,ACC002,ACC015,6271,2026-08-11T08:36:00,CASE-001
TXN-0067,ACC011,ACC004,26988,2026-08-28T17:33:00,CASE-001
TXN-0068,ACC001,ACC018,30776,2026-08-14T01:51:00,CASE-001
TXN-0069,ACC007,ACC017,24209,2026-08-20T17:00:00,CASE-001
TXN-0070,ACC015,ACC002,13840,2026-08-09T18:44:00,CASE-001
TXN-0071,ACC005,ACC010,29212,2026-08-29T23:50:00,CASE-001
TXN-0072,ACC016,ACC004,2391,2026-08-21T20:46:00,CASE-001
TXN-0073,ACC008,ACC006,20865,2026-08-18T00:28:00,CASE-001
TXN-0074,ACC018,ACC014,6608,2026-08-08T03:52:00,CASE-001
TXN-0075,ACC015,ACC004,42948,2026-08-27T05:15:00,CASE-001
TXN-0076,ACC016,ACC010,33849,2026-08-23T09:19:00,CASE-001
TXN-0077,ACC014,ACC016,31447,2026-08-08T15:35:00,CASE-001
TXN-0078,ACC018,ACC005,25638,2026-08-07T20:27:00,CASE-001
TXN-0079,ACC017,ACC005,5075,2026-08-09T14:09:00,CASE-001
TXN-0080,ACC011,ACC017,18009,2026-08-27T00:05:00,CASE-001
TXN-0083,ACC016,ACC005,29764,2026-08-18T16:31:00,CASE-001
TXN-0084,ACC012,ACC011,36670,2026-08-25T18:32:00,CASE-001
TXN-0085,ACC013,ACC015,21588,2026-08-28T06:26:00,CASE-001
TXN-0086,ACC008,ACC019,25598,2026-08-08T14:01:00,CASE-001
TXN-0087,ACC002,ACC011,49304,2026-08-16T13:00:00,CASE-001
TXN-0088,ACC013,ACC005,32961,2026-08-02T04:18:00,CASE-001
TXN-0089,ACC017,ACC019,22257,2026-08-28T03:25:00,CASE-001
TXN-0090,ACC015,ACC004,34968,2026-08-30T15:35:00,CASE-001
TXN-0091,ACC001,ACC005,27368,2026-08-28T22:20:00,CASE-001
TXN-0092,ACC005,ACC003,31268,2026-08-26T09:02:00,CASE-001
TXN-0093,ACC011,ACC020,45897,2026-08-13T22:10:00,CASE-001
TXN-0094,ACC003,ACC011,44694,2026-08-28T18:12:00,CASE-001
TXN-0095,ACC013,ACC011,41577,2026-08-23T16:39:00,CASE-001
TXN-0096,ACC018,ACC002,40965,2026-08-03T08:00:00,CASE-001
TXN-0097,ACC010,ACC008,49440,2026-08-03T14:48:00,CASE-001
TXN-0099,ACC015,ACC006,45982,2026-08-10T00:59:00,CASE-001
TXN-0100,ACC002,ACC011,4177,2026-08-10T12:14:00,CASE-001
TXN-COORD-001,ACC005,ACC010,25000,2026-08-19T10:00:00,CASE-001
TXN-COORD-002,ACC005,ACC011,26500,2026-08-19T10:10:00,CASE-001
TXN-COORD-003,ACC005,ACC012,28000,2026-08-19T10:20:00,CASE-001
TXN-COORD-004,ACC005,ACC013,29500,2026-08-19T10:30:00,CASE-001
TXN-COORD-005,ACC005,ACC014,31000,2026-08-19T10:40:00,CASE-001
TXN-COORD-006,ACC005,ACC015,32500,2026-08-19T10:50:00,CASE-001
TXN-COORD-007,ACC005,ACC016,34000,2026-08-19T11:00:00,CASE-001
TXN-COORD-008,ACC005,ACC017,35500,2026-08-19T11:10:00,CASE-001
