surveillance_id,person_id,vehicle_id,location_id,timestamp,case_id
SURV-0001,P012,V007,L003,2026-08-08T18:07:00,CASE-001
SURV-0002,P014,V010,L003,2026-08-06T05:58:00,CASE-001
SURV-0003,P003,V010,L007,2026-08-20T23:19:00,CASE-001
SURV-0004,P008,V008,L010,2026-08-05T07:55:00,CASE-001
SURV-0005,P015,V005,L008,2026-08-09T22:45:00,CASE-001
SURV-0006,P001,V008,L005,2026-08-22T18:39:00,CASE-001
SURV-0007,P006,V002,L008,2026-08-12T20:03:00,CASE-001
SURV-0008,P010,V007,L005,2026-08-15T10:18:00,CASE-001
SURV-0009,P007,V007,L008,2026-08-04T08:05:00,CASE-001
SURV-0010,P013,V010,L006,2026-08-19T10:05:00,CASE-001
SURV-0011,P023,V005,L001,2026-08-27T22:28:00,CASE-001
SURV-0012,P013,V005,L001,2026-08-19T23:24:00,CASE-001
SURV-0013,P025,V001,L010,2026-08-24T16:57:00,CASE-001
SURV-0014,P010,V004,L010,2026-08-26T12:01:00,CASE-001
SURV-0015,P008,V004,L010,2026-08-09T23:08:00,CASE-001
SURV-0016,P025,V003,L002,2026-08-29T21:25:00,CASE-001
SURV-0017,P021,V001,L005,2026-08-26T15:02:00,CASE-001
SURV-0018,P002,V010,L006,2026-08-24T04:29:00,CASE-001
SURV-0019,P003,V005,L006,2026-08-24T14:10:00,CASE-001
SURV-0020,P006,V004,L003,2026-08-26T18:24:00,CASE-001
SURV-0021,P012,V009,L009,2026-08-30T09:18:00,CASE-001
SURV-0022,P006,V005,L008,2026-08-26T10:04:00,CASE-001
SURV-0023,P024,V006,L002,2026-08-15T02:34:00,CASE-001
SURV-0024,P005,V004,L007,2026-08-28T19:01:00,CASE-001
SURV-0025,P012,V002,L007,2026-08-01T09:01:00,CASE-001
SURV-0026,P018,V002,L008,2026-08-12T22:57:00,CASE-001
SURV-0027,P024,V005,L010,2026-08-13T21:47:00,CASE-001
SURV-0028,P012,V002,L004,2026-08-16T00:51:00,CASE-001
SURV-0029,P020,V009,L006,2026-08-30T20:49:00,CASE-001
SURV-0030,P008,V002,L008,2026-08-30T23:55:00,CASE-001
SURV-0031,P010,V007,L002,2026-08-05T01:32:00,CASE-001
SURV-0032,P002,V005,L008,2026-08-04T03:19:00,CASE-001
SURV-0033,P008,V009,L003,2026-08-13T15:29:00,CASE-001
SURV-0034,P012,V009,L007,2026-08-19T05:16:00,CASE-001
SURV-0035,P014,V002,L008,2026-08-20T13:55:00,CASE-001
SURV-0036,P009,V001,L006,2026-08-07T15:08:00,CASE-001
SURV-0037,P015,V004,L006,2026-08-04T23:24:00,CASE-001
SURV-0038,P012,V009,L006,2026-08-02T13:35:00,CASE-001
SURV-0039,P009,V004,L002,2026-08-28T15:31:00,CASE-001
SURV-0040,P003,V004,L010,2026-08-01T01:43:00,CASE-001
SURV-0041,P011,V004,L003,2026-08-26T19:16:00,CASE-001
SURV-0042,P007,V002,L009,2026-08-07T20:00:00,CASE-001
SURV-0043,P007,V004,L006,2026-08-25T05:02:00,CASE-001
SURV-0044,P020,V001,L005,2026-08-28T04:56:00,CASE-001
SURV-0045,P005,V009,L005,2026-08-26T05:57:00,CASE-001
SURV-0046,P004,V001,L003,2026-08-01T12:13:00,CASE-001
SURV-0047,P008,V010,L006,2026-08-01T05:56:00,CASE-001
SURV-0048,P009,V001,L003,2026-08-24T14:22:00,CASE-001
SURV-0049,P017,V002,L002,2026-08-16T15:18:00,CASE-001
SURV-0050,P025,V006,L009,2026-08-19T03:43:00,CASE-001
SURV-0051,P015,V009,L004,2026-08-20T01:28:00,CASE-001
SURV-0052,P024,V009,L005,2026-08-15T21:57:00,CASE-001
SURV-0053,P001,V001,L008,2026-08-28T13:42:00,CASE-001
SURV-0054,P014,V002,L008,2026-08-23T15:08:00,CASE-001
SURV-0055,P003,V002,L006,2026-08-20T05:03:00,CASE-001
SURV-0056,P003,V003,L005,2026-08-20T21:36:00,CASE-001
SURV-0057,P019,V009,L006,2026-08-13T20:23:00,CASE-001
SURV-0058,P017,V005,L008,2026-08-17T20:39:00,CASE-001
SURV-0059,P014,V002,L002,2026-08-28T22:20:00,CASE-001
SURV-0060,P021,V009,L004,2026-08-14T15:24:00,CASE-001
SURV-0061,P008,V007,L006,2026-08-27T15:28:00,CASE-001
SURV-0062,P013,V007,L002,2026-08-11T14:34:00,CASE-001
SURV-0063,P011,V005,L006,2026-08-05T23:26:00,CASE-001
SURV-0064,P016,V002,L002,2026-08-27T02:54:00,CASE-001
SURV-0065,P003,V007,L002,2026-08-24T12:43:00,CASE-001
SURV-0066,P005,V009,L001,2026-08-19T19:10:00,CASE-001
SURV-0067,P018,V006,L002,2026-08-14T12:04:00,CASE-001
SURV-0068,P022,V007,L001,2026-08-10T20:29:00,CASE-001
SURV-0069,P010,V006,L002,2026-08-19T17:19:00,CASE-001
SURV-0070,P007,V003,L008,2026-08-08T03:41:00,CASE-001
SURV-0071,P012,V009,L006,2026-08-04T09:30:00,CASE-001
SURV-0072,P019,V004,L007,2026-08-28T19:08:00,CASE-001
SURV-0073,P025,V010,L010,2026-08-22T21:56:00,CASE-001
SURV-0074,P018,V001,L010,2026-08-30T22:27:00,CASE-001
SURV-0075,P023,V005,L001,2026-08-06T09:19:00,CASE-001
SURV-0076,P023,V005,L006,2026-08-12T00:12:00,CASE-001
SURV-0077,P006,V003,L010,2026-08-22T13:40:00,CASE-001
SURV-0078,P003,V003,L001,2026-08-03T18:06:00,CASE-001
SURV-0079,P007,V007,L007,2026-08-15T11:38:00,CASE-001
SURV-0080,P006,V006,L005,2026-08-24T11:04:00,CASE-001
SURV-COORD-001,P005,V005,L003,2026-08-18T21:00:00,CASE-001
SURV-COORD-002,P009,V005,L003,2026-08-18T21:03:00,CASE-001
SURV-COORD-003,P011,V005,L003,2026-08-18T21:06:00,CASE-001
SURV-COORD-004,P014,V005,L003,2026-08-18T21:09:00,CASE-001
