person_id,name,normalized_name
P001,Rohan Patil,rohan patil
P002,Amit Verma,amit verma
P003,Karan Shah,karan shah
P004,Neha Joshi,neha joshi
P005,Vikram Deshmukh,vikram deshmukh
P006,Priya Mehta,priya mehta
P007,Rahul Pawar,rahul pawar
P008,Sahil Kulkarni,sahil kulkarni
P009,Aditya Joshi,aditya joshi
P010,Isha Patel,isha patel
P011,Nikhil Patil,nikhil patil
P012,Meera Shah,meera shah
P013,Arjun Verma,arjun verma
P014,Ananya Deshmukh,ananya deshmukh
P015,Manav Kulkarni,manav kulkarni
P016,Sameer Khan,sameer khan
P017,Kavya Rao,kavya rao
P018,Dev Mishra,dev mishra
P019,Tanvi Kapoor,tanvi kapoor
P020,Rohit Nair,rohit nair
P021,Pooja Malhotra,pooja malhotra
P022,Siddharth Jain,siddharth jain
P023,Simran Kaur,simran kaur
P024,Yash Sethi,yash sethi
P025,Ayesha Khan,ayesha khan
