person_id,phone_id,source_id
P001,PH001,MASTER-001
P002,PH002,MASTER-001
P003,PH003,MASTER-001
P004,PH004,MASTER-001
P005,PH005,MASTER-001
P006,PH006,MASTER-001
P007,PH007,MASTER-001
P008,PH008,MASTER-001
P009,PH009,MASTER-001
P010,PH010,MASTER-001
P011,PH011,MASTER-001
P012,PH012,MASTER-001
P013,PH013,MASTER-001
P014,PH014,MASTER-001
P015,PH015,MASTER-001
P016,PH016,MASTER-001
P017,PH017,MASTER-001
P018,PH018,MASTER-001
P019,PH019,MASTER-001
P020,PH020,MASTER-001
P021,PH021,MASTER-001
P022,PH022,MASTER-001
P023,PH023,MASTER-001
P024,PH024,MASTER-001
P025,PH025,MASTER-001
P001,PH026,MASTER-001
P002,PH027,MASTER-001
P003,PH028,MASTER-001
P004,PH029,MASTER-001
P005,PH030,MASTER-001
P005,PH025,INTEL-004
