phone_id,phone_number
PH001,919876540001
PH002,919876540002
PH003,919876540003
PH004,919876540004
PH005,919876540005
PH006,919876540006
PH007,919876540007
PH008,919876540008
PH009,919876540009
PH010,919876540010
PH011,919876540011
PH012,919876540012
PH013,919876540013
PH014,919876540014
PH015,919876540015
PH016,919876540016
PH017,919876540017
PH018,919876540018
PH019,919876540019
PH020,919876540020
PH021,919876540021
PH022,919876540022
PH023,919876540023
PH024,919876540024
PH025,919876540025
PH026,919876540026
PH027,919876540027
PH028,919876540028
PH029,919876540029
PH030,919876540030
