person_id,person_name,total_outgoing_calls,unique_contacts,total_call_duration,average_call_duration,total_incoming_calls,unique_callers,max_daily_calls,average_daily_calls,active_days,nighttime_calls,outgoing_transactions,outgoing_amount,incoming_transactions,incoming_amount,observation_count,unique_locations,unique_vehicles,degree,betweenness,pagerank,total_calls,total_transactions,total_financial_amount
P001,Rohan Patil,10.0,8.0,5071.0,507.1,6.0,6.0,2.0,1.1111111111111112,9.0,4.0,4.0,134643.0,3.0,79076.0,2,2,2,48.0,4.431425023537777,1.0960868913401993,16.0,7.0,213719.0
P002,Amit Verma,7.0,6.0,2718.0,388.2857142857143,15.0,10.0,2.0,1.1666666666666667,6.0,2.0,4.0,70029.0,5.0,135443.0,2,2,2,44.0,2.604829478374843,1.0100564132596415,22.0,9.0,205472.0
P003,Karan Shah,11.0,9.0,6577.0,597.9090909090909,14.0,12.0,2.0,1.1,10.0,6.0,4.0,122307.0,5.0,115131.0,7,6,6,62.0,10.401469611784487,1.3887445874923046,25.0,9.0,237438.0
P004,Neha Joshi,12.0,9.0,5563.0,463.5833333333333,10.0,9.0,2.0,1.2,10.0,3.0,5.0,114882.0,7.0,202113.0,1,1,1,46.0,7.880016592117985,1.0802586034926849,22.0,12.0,316995.0
P005,Vikram Deshmukh,30.0,20.0,14043.0,468.1,16.0,12.0,3.0,1.6666666666666667,18.0,14.0,12.0,314734.0,9.0,220334.0,4,4,3,98.0,27.259128076184922,2.1191325417048255,46.0,21.0,535068.0
P006,Priya Mehta,3.0,3.0,775.0,258.3333333333333,3.0,3.0,1.0,1.0,3.0,3.0,4.0,59574.0,3.0,87731.0,5,4,5,26.0,1.4505466915101888,0.6711780801146378,6.0,7.0,147305.0
P007,Rahul Pawar,9.0,8.0,3533.0,392.55555555555554,5.0,5.0,1.0,1.0,9.0,4.0,1.0,24209.0,5.0,89614.0,5,4,4,34.0,6.283474187881621,0.843709502773805,14.0,6.0,113823.0
P008,Sahil Kulkarni,5.0,5.0,2240.0,448.0,13.0,11.0,1.0,1.0,5.0,4.0,8.0,253185.0,4.0,84958.0,6,4,6,56.0,8.224371387077651,1.2643312344691502,18.0,12.0,338143.0
P009,Aditya Joshi,8.0,7.0,3300.0,412.5,9.0,7.0,1.0,1.0,8.0,1.0,5.0,100915.0,5.0,104104.0,4,3,3,46.0,5.175655343344973,1.0631627062608544,17.0,10.0,205019.0
P010,Isha Patel,5.0,3.0,1903.0,380.6,8.0,8.0,2.0,1.6666666666666667,3.0,1.0,4.0,137111.0,8.0,264834.0,4,3,3,40.0,2.4179367530683313,0.9339614552230502,13.0,12.0,401945.0
P011,Nikhil Patil,6.0,6.0,2202.0,367.0,11.0,10.0,2.0,1.5,4.0,4.0,6.0,147681.0,7.0,205302.0,3,2,2,54.0,7.2622026988681965,1.222340458303097,17.0,13.0,352983.0
P012,Meera Shah,3.0,3.0,1944.0,648.0,5.0,5.0,1.0,1.0,3.0,1.0,3.0,102016.0,2.0,39496.0,7,5,3,26.0,1.1043995789157077,0.6617945107157971,8.0,5.0,141512.0
P013,Arjun Verma,7.0,6.0,3855.0,550.7142857142857,5.0,5.0,2.0,1.1666666666666667,6.0,3.0,7.0,129908.0,1.0,29500.0,3,3,3,36.0,4.784451333267123,0.8697299597817815,12.0,8.0,159408.0
P014,Ananya Deshmukh,10.0,8.0,4428.0,442.8,6.0,5.0,1.0,1.0,10.0,5.0,4.0,100608.0,4.0,118535.0,5,3,3,40.0,5.5151853653169445,0.9666759348537081,16.0,8.0,219143.0
P015,Manav Kulkarni,6.0,6.0,1981.0,330.1666666666667,7.0,5.0,1.0,1.0,6.0,1.0,11.0,365579.0,5.0,121032.0,3,3,3,50.0,4.818488338106634,1.1309759080906656,13.0,16.0,486611.0
P016,Sameer Khan,6.0,6.0,2684.0,447.3333333333333,5.0,5.0,1.0,1.0,6.0,2.0,6.0,175952.0,8.0,160670.0,1,1,1,46.0,8.096573854226076,1.0766817285427663,11.0,14.0,336622.0
P017,Kavya Rao,4.0,4.0,2374.0,593.5,7.0,6.0,1.0,1.0,4.0,1.0,3.0,60193.0,6.0,189280.0,2,2,2,38.0,2.1784161955175882,0.8946214425751831,11.0,9.0,249473.0
P018,Dev Mishra,11.0,10.0,5252.0,477.45454545454544,5.0,5.0,2.0,1.1,10.0,5.0,5.0,118326.0,4.0,114389.0,3,3,3,48.0,10.052621096310796,1.1201498731275914,16.0,9.0,232715.0
P019,Tanvi Kapoor,2.0,2.0,959.0,479.5,5.0,5.0,1.0,1.0,2.0,1.0,1.0,28361.0,7.0,174604.0,2,2,2,30.0,2.221856869782101,0.7532821955753214,7.0,8.0,202965.0
P020,Rohit Nair,8.0,7.0,4230.0,528.75,6.0,6.0,1.0,1.0,8.0,1.0,5.0,128462.0,4.0,152529.0,2,2,2,42.0,2.616615039451016,0.9729205227804892,14.0,9.0,280991.0
P021,Pooja Malhotra,7.0,5.0,3593.0,513.2857142857143,7.0,5.0,2.0,1.4,5.0,2.0,0.0,0.0,0.0,0.0,2,2,2,20.0,2.248951515992189,0.5603227370546274,14.0,0.0,0.0
P022,Siddharth Jain,6.0,5.0,2246.0,374.3333333333333,8.0,7.0,1.0,1.0,6.0,1.0,0.0,0.0,0.0,0.0,1,1,1,24.0,2.1452405621445867,0.6365313029952153,14.0,0.0,0.0
P023,Simran Kaur,4.0,4.0,855.0,213.75,3.0,3.0,1.0,1.0,4.0,1.0,0.0,0.0,0.0,0.0,3,2,1,14.0,0.5431077694235589,0.44051049996507774,7.0,0.0,0.0
P024,Yash Sethi,7.0,7.0,3393.0,484.7142857142857,8.0,8.0,1.0,1.0,7.0,2.0,0.0,0.0,0.0,0.0,3,3,3,28.0,1.5962049509630152,0.7090817762379291,15.0,0.0,0.0
P025,Ayesha Khan,0.0,0.0,0.0,0.0,0.0,0.0,0.0,0.0,0.0,0.0,0.0,0.0,0.0,0.0,4,3,4,20.0,0.6868316868316868,0.5447708561567403,0.0,0.0,0.0
